{"highscore_orbs":[2,0,0,0,0,0,0,0,0,0,0,0],"highscore_times":[2.5869946479797363,2.898972511291504,16.651447296142578,16.635465621948242,9.751306533813477,25.372745513916016,0.0,0.0,0.0,0.0,0.0,0.0],"level_reached":6}
